epoch,avg_perplexity
0,263.5053816531319
1,130.36670857321036
2,109.0257518969046
3,63.125958069523534
4,58.743285716074645
5,59.84450818360279
6,57.801181700998214
7,59.27582090006218
8,58.954615639362
9,59.724206982797654
10,59.22321498729871
11,60.08555152284999
12,59.60835414136507
13,59.182648252312894
14,58.86542835864926
15,58.84600766024829
16,58.72289726060068
17,58.62290598688735
18,58.57666106200842
19,58.59688697981021
