epoch,avg_perplexity
0,118.92254793866617
1,87.53713160739636
2,48.414281186902386
3,45.327301389917494
4,48.03727774844828
5,52.084642234703914
6,57.18372996818634
7,62.799878354629975
8,71.85554083749241
9,79.56152703297069
10,90.78831762028825
11,100.56248598946314
12,109.66932602855078
13,119.95870061133552
14,130.12765996275076
15,137.553331492448
16,145.20368678266658
17,150.44140104571014
18,152.8853598183024
19,153.9980008709156
