epoch,avg_perplexity
0,24.878881188536585
1,24.16119166959473
2,23.906707067030325
3,23.764397846825734
4,23.671043777265762
5,23.60919730768241
6,23.62526194046046
7,23.5761564595789
8,23.608499337961614
9,23.597947874947707
10,23.60529119418354
11,23.62697434373692
12,23.633008174499068
13,23.668758222881156
14,23.670321405360568
15,23.672674838661717
16,23.652968534260857
17,23.65658924654542
18,23.672025786927318
19,23.67895745032129
