epoch,avg_perplexity
0,15.468357296432815
1,14.88014041452316
2,14.64407094111272
3,14.490940549500408
4,14.368825974677996
5,14.269303456953862
6,14.189778034755237
7,14.13286682145703
8,14.09226167984491
9,14.062092265474028
10,14.040788827926082
11,14.027003549689505
12,14.015276656118184
13,14.009019419437527
14,14.00464468888824
15,14.004651366824808
16,14.002347667654432
17,14.002080596614627
18,14.001679999606003
19,14.000661867126146
