epoch,avg_perplexity
0,16.060929745576168
1,17.141733022922267
2,19.491009316743536
3,22.935482934297855
4,26.77493764857057
5,31.45759929455041
6,35.665707857531885
7,39.38927707214437
8,43.565820903809886
9,47.363854432840036
10,51.111294433664995
11,54.52448329622335
12,56.81905203617761
13,59.07060623230215
14,61.222240856870734
15,62.36707969295184
16,63.24089714396673
17,63.87323435076864
18,64.18422533282614
19,64.23425408247067
