epoch,avg_perplexity
0,14.112192993773682
1,14.670119114440629
2,16.60485701507253
3,19.37336405085537
4,22.683468305390353
5,26.153056931023478
6,29.723138357493223
7,33.14287592477524
8,36.419677685154504
9,39.40339447804445
10,42.06590465616834
11,44.75888780856857
12,47.04418807208223
13,48.62371643754779
14,49.95793992352698
15,51.1154134278102
16,51.91646489365929
17,52.372313142961616
18,52.40649993548062
19,52.44097160421125
