epoch,canary_id,global_loss_tgt,suffix_loss_tgt,exact_match,split,suffix_loss_ref,global_loss_ref,loss_optimum,mia_score,counterfactual_score,contextual_score
0,le_ba70a2,6.068784713745117,10.252189636230469,0,train,9.657453536987305,8.982552528381348,9.657453536987305,-0.5947360992431641,0.0,0.0
0,le_710e1d,8.856968879699707,10.364452362060549,0,validation,13.700511932373049,10.651801109313965,13.700511932373049,3.3360595703125,0.24349889893017052,0.24349889893017052
0,he_c1939b,11.32117748260498,15.105621337890623,0,train,16.717735290527344,13.537334442138672,16.717735290527344,1.6121139526367205,0.09643136014662115,0.09643136014662115
0,he_eb327d,9.472967147827148,12.355969429016112,0,validation,16.440351486206055,11.758837699890137,16.440351486206055,4.084382057189943,0.24843641941699734,0.24843641941699734
