epoch,avg_perplexity
0,15.270801580960443
1,17.91686033183606
2,25.037556769887864
3,37.23878466702727
4,48.79755904944583
5,61.0839056023496
6,69.06992123973619
7,76.0091660592216
8,81.93632654123735
9,84.99971758538895
10,86.91714685495845
11,91.2452772719129
12,101.10325010613455
13,105.41371004854892
14,110.031801047029
15,114.33948729781082
16,117.03885903366881
17,118.88206625376843
18,119.65785924618821
19,119.90145630750888
