epoch,avg_perplexity
0,10.425291250279576
1,10.710623355477344
2,11.515276721313901
3,12.95135145172074
4,15.110735691892872
5,18.442716330430358
6,23.44891574407695
7,29.499615847272914
8,37.891949819175395
9,50.11203018287028
10,63.701352780985324
11,80.97309010181014
12,100.27231673667342
13,118.19496766593585
14,137.370979588231
15,153.62768881032926
16,164.54965134821484
17,173.75904562137274
18,178.02616644569628
19,179.67980657451457
