epoch,avg_perplexity
0,10.841169191088136
1,12.3852493389032
2,18.246387990386623
3,26.570988570938333
4,35.1747579616461
5,41.480059277549856
6,46.15218138990241
7,54.139189486066925
8,57.058328893835586
9,65.04543472124247
10,71.71981483487947
11,77.7896722249721
12,86.17904902039726
13,91.63962362360596
14,97.60686957935998
15,102.03108474167615
16,109.93226325350108
17,114.26454505870991
18,116.57445177572609
19,117.08937660463279
