epoch,canary_id,global_loss,suffix_loss,exact_match,split
0,le_ba70a2,6.068784713745117,10.252189636230469,0,train
0,le_710e1d,8.856968879699707,10.364452362060547,0,validation
0,he_c1939b,11.32117748260498,15.105621337890625,0,train
0,he_eb327d,9.472967147827148,12.355969429016113,0,validation
