epoch,avg_perplexity
0,16.391946103999764
1,19.309736219375978
2,28.964680811181776
3,48.17787371946421
4,73.70272466741076
