epoch,avg_perplexity
0,94.23257011602337
1,116.84268939636357
2,78.04119764440799
3,59.31339687575435
4,52.11505024041095
5,55.64010249352134
6,56.54660549250852
7,53.054701768988394
8,53.74493088310306
9,52.92041073489346
10,52.13115578282409
11,52.37227568337756
12,52.11495083893592
13,51.96497157761506
14,51.5471178829906
15,51.72975973277211
16,51.49596858899233
17,51.04873387536703
18,51.0899735880082
19,51.197325970509475
