epoch,canary_id,loss
0,C0,5.585943698883057
0,C1,5.306886196136475
