epoch,canary_id,loss
0,C0,6.3792033195495605
0,C1,5.942693710327148
