epoch,avg_perplexity
0,16.27269506835606
1,18.959332045826315
2,29.2795543075149
3,47.22496968469
4,74.45415189114787
