epoch,avg_perplexity
0,14.443003682143722
1,16.436218622443448
2,24.435408279090517
3,41.9828339173039
4,64.20256059995292
