epoch,avg_perplexity
0,14.439670777715115
1,16.3282151442782
2,24.629923043655154
3,42.02497497696191
4,64.71814181040126
