epoch,avg_perplexity
0,17.29048425689313
1,20.84856434444983
2,32.57554953297431
3,50.83183468006325
4,66.3724448015016
5,81.42338320030558
6,93.07892065319055
7,102.3842772270134
8,117.91817137915108
9,126.23632512659819
10,141.70470713200615
11,155.25970926743216
12,169.47108519623583
13,179.56923030441965
14,195.6238374979784
15,213.45381507850038
16,235.43454489065275
17,249.41622253775736
18,251.8265120141262
19,253.31097923280362
