epoch,avg_perplexity
0,11.59114640450118
1,11.975866107058131
2,12.999967921444751
3,14.537442075383721
4,17.14674430404347
5,20.495317344565006
6,25.81501493628359
7,33.345345316789995
8,41.6351308139382
9,53.92886652725364
10,68.89279320869682
11,86.51444660880317
12,107.4032500357564
13,129.74426231481496
14,148.91575977887607
15,165.85834028933857
16,177.85104072845772
17,185.83988389695082
18,191.5406868925305
19,192.76048027354332
