epoch,avg_perplexity
0,55.932419798633845
1,61.67179213827841
2,46.67379172929734
3,44.17599505946339
4,51.55589354040343
5,64.00659286781632
6,83.74570784155304
7,112.49212559541455
8,159.3698418468763
9,225.98353248350148
10,335.01877432923493
11,475.0376073667131
12,689.9747130652456
13,930.8247437630899
14,1168.8810963108608
15,1428.375005018028
16,1647.5795170910555
17,1816.2695278778504
18,1887.0209547747236
19,1911.6631711073674
