epoch,avg_perplexity
0,16.16844116354638
1,18.70150732031539
2,28.80353007005722
3,48.78584477132299
4,73.83146473874837
