epoch,avg_perplexity
0,15.31198397222244
1,17.772340545223244
2,25.44041604363426
3,37.5140335060126
4,49.124255403939145
5,59.90440684683293
6,68.86937468091267
7,75.62010731219337
8,79.61898574027268
9,83.06566845433984
10,87.82804752505074
11,93.20941072450437
12,97.42998207185941
13,103.84917099407717
14,109.73842870551944
15,112.71086908940367
16,115.8730608437971
17,117.24659489993859
18,118.53971483222182
19,118.75945801819603
