epoch,avg_perplexity
0,14.831785924687479
1,14.009570532010839
2,13.690420541720588
3,13.477286575694201
4,13.315829227561048
5,13.187349054781919
6,13.090521867940986
7,13.016119798781103
8,12.961835831589307
9,12.927048257082195
10,12.902120059011574
11,12.883897788004061
12,12.873768034036999
13,12.866894535741947
14,12.861613029036159
15,12.86006763234606
16,12.857489318360821
17,12.858663444807242
18,12.858476435766804
19,12.858234247772808
