epoch,mia_threshold_tau,mia_recall,exact_match,avg_counterfactual_score,avg_contextual_score,avg_perplexity,n_train_samples
0,0.5192967414855957,1.0,1.0,0.9976184944477418,0.9976184944477418,1.0213155185435638,2
1,0.052912902832031275,1.0,1.0,0.9995259579987523,0.999457528011302,1.0048532513306618,2
2,0.9339045524597168,1.0,1.0,0.9997484380857753,0.999656870913986,1.0032074258860844,2
3,0.7232788562774659,1.0,1.0,0.998543969686509,0.9976743238066421,1.0208941109112433,2
4,1.0295907020568849,1.0,1.0,0.9959632794949191,0.9928710294152656,1.0651355791103807,2
