epoch,avg_perplexity
0,15.222084878900446
1,17.929855319505105
2,27.548228556973395
3,44.196632807090104
4,58.66963503315461
5,73.73583793808432
6,81.148419042866
7,87.03754594681402
8,100.97668228630592
9,108.77608216398092
10,123.30941784319941
11,136.00791068450837
12,149.82101911097058
13,166.31918905067786
14,187.29378248136163
15,200.21203191867355
16,220.08238659084788
17,232.15867315778164
18,236.37381744241094
19,237.1811954044505
