epoch,avg_perplexity
0,17.292351792569512
1,20.848872529203025
2,31.93822376865456
3,49.12233465132238
4,65.01318599469035
5,82.1405666289345
6,91.91120995638295
7,112.01552373091573
8,120.3343529886782
9,127.19929395854459
10,139.54383912912755
11,155.0935927683579
12,165.27034193895616
13,172.95011767636447
14,200.1021777822543
15,222.67378126591572
16,234.56688795391798
17,243.37237227815388
18,247.9688863124085
19,248.9868950454166
