epoch,avg_perplexity
0,16.983248374250604
1,20.757096206265686
2,31.831932772216113
3,48.133361133950615
4,64.66844541696554
5,82.20972667326032
6,94.49746579163333
7,104.12148654355535
8,113.20359977467041
9,129.20337711201438
10,144.5902865491772
11,155.97868037521468
12,169.20115219904048
13,184.1872444827648
14,202.04631474918045
15,215.6500057430808
16,234.115671354029
17,247.35739077946516
18,252.4712060781071
19,253.12527525796142
