epoch,avg_perplexity
0,9.428929035827657
1,10.984771294146865
2,15.504556187302004
3,23.95070438495696
4,30.499427717432496
5,37.86107466368293
6,42.2706579429145
7,47.50694186816415
8,50.99799400685487
9,54.81419346995871
10,59.10185176263624
11,64.3363612806463
12,69.85361141527707
13,77.63318606927399
14,83.25727882061037
15,89.31358862523659
16,93.06192332942784
17,95.68160802514754
18,97.2059860516958
19,97.5635480519193
