epoch,avg_perplexity
0,13.498130870848689
1,15.893506434430448
2,26.7733545520113
3,49.642479397519715
4,73.90557446098204
5,102.72056776653224
6,127.2849046321309
7,139.98803162218428
8,160.08059303210024
9,177.04695264611186
10,203.2853142661038
11,220.26212314757007
12,247.47123794416586
13,268.9258502118802
14,279.12654067294113
15,289.0942661123023
16,307.12559707031517
17,316.15896353483987
18,320.532682711414
19,321.5962359299275
