epoch,avg_perplexity
0,342.19656471001184
1,157.3830934038231
2,136.15287088017374
3,67.02369254189347
4,63.64254323617183
5,61.93534407538591
6,65.65256800675948
7,62.420662530517255
8,61.72686737251646
9,61.06037545816453
10,61.96813446396239
11,63.117530407455874
12,60.96471753170911
13,60.46655236791685
14,59.86351623442418
15,59.6997487707658
16,59.51551017164111
17,59.611139707312375
18,59.6103153936246
19,59.627543077104505
