epoch,avg_perplexity
0,26.75844101653472
1,25.292558823717233
2,26.35130379372576
3,29.448556444716807
4,33.73715487615922
5,37.102422725301714
6,41.054677883548834
7,46.48928957515096
8,49.269841732734584
9,52.94067785265536
10,56.836069261357636
11,58.94623893261796
12,61.60909803788011
13,64.18266447520116
14,65.53046469432294
15,66.7987253055249
16,67.6347442050032
17,67.89589773428686
18,68.20620957551206
19,68.24547644326374
