epoch,avg_perplexity
0,16.35766458477483
1,17.191391262582037
2,19.407842973434835
3,22.560631258322207
4,26.788512712875676
5,31.25728276582518
6,35.38461167307101
7,39.57354762695848
8,43.806232261867166
9,47.45112352899003
10,50.767001694984586
11,54.19345519199374
12,56.54617407779153
13,58.49077876837006
14,60.46309254302448
15,61.80963140431442
16,62.523702858997176
17,63.2719952211212
18,63.54332484953178
19,63.5766027610346
