epoch,avg_perplexity
0,16.921115157739344
1,20.40286933710005
2,31.583777953818373
3,51.36736202526309
4,66.68762207335776
5,80.70938274632168
6,92.61277804913522
7,107.36981259088782
8,118.2521302732813
9,126.45899894232944
10,148.41230987809794
11,155.13656622026303
12,171.44153191184566
13,186.50542215709592
14,195.28161041143434
15,214.87964632459318
16,231.6301207507261
17,247.36376011801264
18,253.49125918099523
19,254.37372174353976
