epoch,mia_threshold_tau,mia_recall,exact_match,avg_counterfactual_score,avg_contextual_score,avg_perplexity,n_train_samples
0,1.0274104595184326,1.0,0.0,0.6862102126811689,0.6862102126811689,17.94750186632329,2
1,0.47711343765258796,1.0,1.0,0.9812753106903205,0.9779182216540562,1.2163137160641382,2
2,0.3133366107940674,1.0,1.0,0.9907705434777795,0.9883837387781105,1.111784178622015,2
3,0.09837093353271328,1.0,0.5,0.9829516135997953,0.9762951078451442,1.2284828833767556,2
4,-0.44615707397460935,1.0,0.5,0.9636697341841631,0.945444491491655,1.6005069475346934,2
