epoch,avg_perplexity
0,110.19567324618599
1,138.6262263225333
2,100.63074474141469
3,69.3932089580404
4,66.93835143807942
5,64.96416137611484
6,57.94946085822479
7,59.72016314130425
8,57.70251225910983
9,53.52465318532213
10,54.7775871393438
11,52.759886210675774
12,52.10896224988115
13,51.266155224384164
14,51.80518368001958
15,50.83110753003639
16,50.33392169412377
17,50.20730748309421
18,50.14331886572299
19,50.14004327563499
