epoch,avg_perplexity
0,53.15449671185209
1,46.941626859497106
2,44.17056068671555
3,42.42982819998295
4,41.211647096994945
5,40.46299912661057
6,39.862118967400015
7,39.4932706775403
8,39.15236848963816
9,38.85872422473988
10,38.622520348090696
11,38.50190504316474
12,38.456511313957996
13,38.33408378501506
14,38.35265072183462
15,38.34956932285387
16,38.290448970585
17,38.25768932801797
18,38.21139006039756
19,38.32736679859315
