epoch,avg_perplexity
0,15.332858067225047
1,17.735227088540466
2,27.08213105621219
3,43.40413794690411
4,58.39190666253454
5,75.19911092737021
6,79.58061208154868
7,91.1711243379307
8,100.36344296308582
9,111.3414031254982
10,123.9564230221294
11,135.82255573325457
12,155.35605686140087
13,172.931563137135
14,191.79311681005333
15,210.45578614400122
16,226.69671603130143
17,242.1696051856877
18,246.46730016595353
19,247.4287603366907
