epoch,avg_perplexity
0,26.58111385735689
1,25.256102316645386
2,26.70971255992746
3,29.24941979451704
4,33.476637481500575
5,37.75152193979117
6,42.218948578771666
7,46.29415789573802
8,50.172509755409656
9,53.89878803209397
10,56.59346053292789
11,59.59613329866515
12,62.86312474238314
13,64.23560178489232
14,66.28417161916123
15,67.28495707828475
16,67.96764687868409
17,68.29668417846568
18,68.62384571446518
19,68.70190027206905
