epoch,canary_id,ctx_score,opt_ctx_loss,start_epoch_ctx
0,C0,0.41645273595825866,8.194299697875977,0
0,C1,0.3798903670272575,7.111348628997803,0
1,C0,0.5807401727071978,8.194299697875977,0
1,C1,0.5538795214750262,7.111348628997803,0
2,C0,0.654137036613749,8.194299697875977,0
2,C1,0.6240752806553008,7.111348628997803,0
3,C0,0.7002076324673145,8.194299697875977,0
3,C1,0.6846962422635103,7.111348628997803,0
4,C0,0.7135082490858725,8.194299697875977,0
4,C1,0.6947109409485142,7.111348628997803,0
