epoch,canary_id,score,start_epoch,opt_ctx_loss
0,C_TEST_1,0.013521626530193575,0,5.564499855041504
0,C_TEST_2,0.012299640008164636,0,5.394077777862549
