epoch,canary_id,score,start_epoch,opt_ctx_loss
0,C_TEST_1,0.008934393536583115,0,3.359408378601074
0,C_TEST_2,0.0,None,3.9358770847320557
