epoch,canary_id,score,start_epoch
0,C_TEST_1,0.013521626530193575,0
0,C_TEST_2,0.012299640008164636,0
