epoch,canary_id,cf_score,start_epoch_cf
0,C0,0.41645273595825866,0
0,C1,0.3932126427554389,0
1,C0,0.5849339486922815,0
1,C1,0.5538795214750262,0
2,C0,0.6696835434666456,0
2,C1,0.6275353239277922,0
3,C0,0.7210088756816461,0
3,C1,0.6948500586573787,0
4,C0,0.734358619216091,0
4,C1,0.7044955183516168,0
