epoch,canary_id,loss
0,C0,6.0547099113464355
0,C1,5.575151443481445
