epoch,canary_id,loss
0,C0,6.218315124511719
0,C1,5.797058582305908
