epoch,canary_id,loss
0,C0,6.2674880027771
0,C1,5.789071559906006
