epoch,avg_perplexity
0,17.407720331139817
1,20.54660132011145
2,30.91142569925022
3,45.192729066576064
4,58.41084326542625
5,68.465031628262
6,81.09515409302412
7,91.04483361009162
8,98.2272440595528
9,105.5533888959008
10,116.6183738018901
11,125.63491766955673
12,129.71469331355672
13,137.38702890463824
14,141.29353282019156
15,144.76296146587546
16,147.01053705139574
17,149.75616542384913
18,150.20227982133468
19,150.58745475891118
