epoch,avg_perplexity
0,49.726595812844714
1,55.21037215246496
2,43.25646004264239
3,37.255728542429786
4,42.22456565861077
5,50.84119160508234
6,64.84324563121612
7,86.10030901815527
8,115.99075331862879
9,168.9276215538886
10,241.40498154694376
11,355.36064760137543
12,494.16261684305744
13,670.3798205408386
14,859.0211741710821
15,1033.5038122032427
16,1200.73675849984
17,1304.0121815689733
18,1376.34626583007
19,1396.0154542884115
