epoch,canary_id,loss
0,C0,8.194299697875977
0,C1,7.267481327056885
1,C0,8.277093887329102
1,C1,7.111348628997803
2,C0,8.579968452453613
2,C1,7.177410125732422
3,C0,8.805256843566895
3,C1,7.347977638244629
4,C0,8.837475776672363
4,C1,7.346815586090088
