epoch,avg_perplexity
0,15.27142417777317
1,17.928705432320132
2,26.92765331416635
3,42.997993832582054
4,57.41682131177973
5,71.75840131404601
6,82.6863324122794
7,89.839817438176
8,95.49832748916438
9,109.82679284745377
10,116.73420709235214
11,135.18521144749207
12,150.24533082878787
13,170.655517482845
14,188.3201507595069
15,205.74023540371317
16,223.47623910497524
17,233.67122807254373
18,238.2332865303264
19,239.0488396397375
