epoch,avg_perplexity
0,27.257107218058962
1,27.081614510481934
2,26.92578514359682
3,26.744135153691943
4,26.814174703067156
5,26.879020443332898
6,26.907469815985063
7,26.85400706122604
8,26.940143212653336
9,26.91369331909885
10,26.96064690205686
11,27.044017092099587
12,27.102232332983213
13,27.09738004893441
14,27.057741483533704
15,27.09092030017843
16,27.10715657717676
17,27.14174841332713
18,27.15216240590335
19,27.137840152095126
