epoch,avg_perplexity
0,14.37294779722717
1,16.37995639554233
2,24.578571138583477
3,41.85786165956261
4,64.03376207495742
