epoch,avg_perplexity
0,17.031278011261
1,20.470909340669124
2,31.675734324815387
3,49.649581319117246
4,63.92167955249288
5,79.64290746649131
6,96.03379172319016
7,102.252400075959
8,114.57263975137519
9,131.41556616356496
10,136.47266577943697
11,157.37956627631772
12,169.7032499043711
13,192.3399672757354
14,202.04197935211963
15,219.64374086869014
16,239.7024231729851
17,252.4576026398796
18,256.9562532160549
19,257.59958507994554
