epoch,avg_perplexity
0,11.73273214531363
1,13.812778460336473
2,23.49218257325828
3,43.80666047696582
4,66.25171942747825
5,91.17716739359415
6,110.99096641946552
7,125.1247664186479
8,140.16249515209032
9,162.8056943061634
10,167.2019121674514
11,182.05658943925027
12,204.88497630418757
13,221.8618268852082
14,236.447204226639
15,255.36346746821204
16,269.5465760886751
17,277.2543040391209
18,282.8274240485604
19,283.79793849478716
