epoch,avg_perplexity
0,223.59945847422347
1,162.91511427238981
2,123.51391205132873
3,84.40144692663739
4,69.52761517381029
5,74.79654186958543
6,72.23955954925923
7,71.75737480922338
8,71.00177304846963
9,72.10909080296204
10,71.77037828871079
11,71.22435384728348
12,71.81649118528009
13,72.05004277553313
14,71.53207089333549
15,71.45168671876708
16,71.30200026655378
17,71.09680346297763
18,70.92519760152653
19,70.94823260450231
