epoch,avg_perplexity
0,71.13261256507231
1,74.78356065573385
2,87.98783803408818
3,111.06264948905131
4,146.51345840696555
5,195.55099882351985
6,266.4462815711013
7,373.14409002558597
8,499.64421471547865
9,645.7394161758938
10,813.2897765988193
11,1057.7568983608637
12,1276.6712639441428
13,1478.0614980313633
14,1700.875782188348
15,1850.541196049129
16,1968.263684968107
17,2078.518160069693
18,2112.128102881176
19,2127.582549929572
