epoch,avg_perplexity
0,117.8013317778897
1,99.45641662985572
2,53.408205822314706
3,52.125985560212285
4,56.02985245744332
5,61.51310844493994
6,68.53532332337643
7,76.20644398492907
8,87.9611162030079
9,99.31424479810613
10,113.4702490815318
11,125.47716080697934
12,139.17450118206511
13,153.94154203868882
14,166.24180326208483
15,177.56488137768085
16,187.99195582254788
17,195.10402296495863
18,198.70200120729774
19,199.68297725042822
