epoch,canary_id,global_loss,suffix_loss
0,C_TEST_1,5.475675582885742,3.3186233043670654
0,C_TEST_2,5.27955436706543,3.898665189743042
