epoch,canary_id,global_loss,suffix_loss
0,C_TEST_1,5.489258766174316,3.3293941020965576
0,C_TEST_2,5.327732563018799,4.015617370605469
