epoch,avg_perplexity
0,70.30007095089654
1,73.88080424326387
2,89.33002912078848
3,109.0672978469925
4,152.5597647649264
5,189.2270427393583
6,277.58104314747584
7,364.0380087061397
8,471.8267765560489
9,632.3779321449991
10,819.0230600760067
11,1009.7914116616254
12,1277.300881431292
13,1495.318275589131
14,1681.1377353192931
15,1820.5728975271008
16,1969.09071352256
17,2048.8234505958403
18,2078.070224502182
19,2090.409744030143
