epoch,avg_perplexity
0,17.44595353720824
1,20.261857681423457
2,30.89420713805342
3,44.24173436648702
4,56.85889334784039
5,69.38268737091938
6,80.53269829334589
7,89.23492059743214
8,97.00831307504127
9,104.8629907214429
10,113.4128021737054
11,121.0585345433248
12,127.16794004158672
13,134.71404856222665
14,136.38750887211154
15,141.08650956323208
16,144.56388263413209
17,146.06012117342735
18,147.05638965733675
19,147.51626576089288
