epoch,avg_perplexity
0,26.870248696125415
1,29.47088492819796
2,41.640938273332786
3,58.59898260526271
4,77.0290030919292
5,98.94715260528054
6,114.77566987298462
7,127.50274012318509
8,141.60656182414908
9,148.57870907603672
10,154.66996999606206
11,158.12019091947366
12,160.9604428159129
13,162.68176350739228
14,166.20241060634999
15,168.71043478098204
16,169.850508722096
17,171.0892262207201
18,172.04246188136776
19,172.1309196796469
