epoch,avg_perplexity
0,24.8596999010276
1,24.16629022960875
2,23.89325931530726
3,23.764250534559157
4,23.680843123532306
5,23.601098751239864
6,23.633515289280396
7,23.564327236411334
8,23.591889247067947
9,23.593773611797985
10,23.62300333517564
11,23.615271641077737
12,23.61301962066024
13,23.65375241094347
14,23.66357280808487
15,23.680464847704656
16,23.685834671953234
17,23.656651288501116
18,23.670772885217907
19,23.670897043688353
