epoch,canary_id,score,start_epoch,opt_ctx_loss
0,C_TEST_1,0.014955813655451336,0,5.558812141418457
0,C_TEST_2,0.018145114805433248,0,5.37712287902832
