epoch,canary_id,score,start_epoch,opt_ctx_loss
0,C_TEST_1,0.02543815607185759,0,3.4052464962005615
0,C_TEST_2,0.021565931353630583,0,3.9845967292785645
