epoch,mia_threshold_tau,mia_recall,exact_match,avg_counterfactual_score,avg_contextual_score,avg_perplexity,n_train_samples
0,0.9471229076385498,1.0,1.0,0.9879327724780236,0.9879327724780236,1.1139932210043293,2
1,0.7854853153228761,1.0,1.0,0.9903572655351476,0.988615050090214,1.1064019970427883,2
2,0.3251797676086426,1.0,1.0,0.998364412864174,0.9978322332987379,1.0200546813362146,2
3,-0.2975724220275879,1.0,1.0,0.9936795357384182,0.9914665289031073,1.0871618968857248,2
4,-0.21860451698303157,1.0,1.0,0.9808675031697696,0.9738905612067998,1.2992646090465003,2
