epoch,avg_perplexity
0,15.365493731951263
1,17.887149603196544
2,27.53390088738424
3,42.84845923714243
4,60.128830147499
5,71.98561948042307
6,83.76523738730027
7,89.74420894317365
8,100.86022785945656
9,110.60776720145634
10,121.959439477215
11,135.38092866921352
12,148.06319549720376
13,172.62063821229762
14,195.45796147214745
15,213.10894879862374
16,231.1394706686346
17,240.97117360962514
18,246.38833617460077
19,247.18371261609084
