epoch,avg_perplexity
0,15.1803262985378
1,17.78554450073375
2,27.34893080145679
3,43.79047476914799
4,55.39607396657096
5,73.30610394837156
6,80.3608071944191
7,92.18324951987344
8,97.57485353467222
9,108.00901943654023
10,118.78652972822259
11,134.2136772133423
12,150.36846316950673
13,169.3140631298367
14,190.5194766291074
15,207.64199724238532
16,223.5012825251644
17,233.74522474090048
18,237.84906583176294
19,238.71417922412482
