epoch,canary_id,global_loss,suffix_loss
0,C_TEST_1,5.564499855041504,3.359408378601074
0,C_TEST_2,5.394077777862549,3.9358770847320557
