epoch,avg_perplexity
0,16.406971985934124
1,19.010017514001436
2,28.73004774527391
3,47.62353283543
4,74.01624325785401
