epoch,canary_id,score,start_epoch
0,C_TEST_1,0.014955813655451336,0
0,C_TEST_2,0.018145114805433248,0
