epoch,canary_id,score,start_epoch
0,C_TEST_1,0.02543815607185759,0
0,C_TEST_2,0.021565931353630583,0
