epoch,avg_perplexity
0,17.038722668378348
1,20.24420878621099
2,32.155904065684105
3,51.009752988906236
4,67.72646299600906
5,80.78596618542078
6,96.46833510417399
7,101.24088622691274
8,118.60416986979259
9,131.79969174193855
10,140.2619135724773
11,160.7915237853983
12,180.28966714563316
13,185.1125382371965
14,204.4170554316974
15,216.6167108369322
16,239.7160251425453
17,251.91814990513376
18,256.90381731502725
19,257.71986671288
