epoch,canary_id,global_loss,suffix_loss
0,C_TEST_1,5.558812141418457,3.4052464962005615
0,C_TEST_2,5.37712287902832,3.9845967292785645
