epoch,mia_threshold_tau,mia_recall,exact_match,avg_counterfactual_score,avg_contextual_score,avg_perplexity,n_train_samples
0,0.6296707153320312,1.0,0.0,0.22313405326221547,0.22313405326221547,2410.436391867065,2
1,0.2915862560272217,1.0,0.0,0.4807731951556591,0.42312800209168533,363.99930089671807,2
2,1.2956717967987061,1.0,0.0,0.7051649291658113,0.6488044246804647,29.760625014807296,2
3,1.325434589385985,1.0,0.0,0.8423332487775705,0.8028382412051371,6.74164791821905,2
4,1.8639658927917466,1.0,0.0,0.842524088733627,0.7837204665551396,7.993585820804941,2
