epoch,avg_perplexity
0,26.910504395950568
1,29.331096907020175
2,41.52456663461927
3,58.27144119794165
4,75.54950173792048
5,95.28799566751472
6,113.82851373678817
7,128.0997109335624
8,142.20282873038684
9,150.08064327366571
10,155.6923710796888
11,158.23702491745107
12,162.06437321465452
13,164.48187294374839
14,166.86484312604748
15,168.83670398703464
16,171.18911136812858
17,172.06083898024275
18,172.53538410771876
19,172.68979408637182
