epoch,canary_id,loss
0,C0,4.781761169433594
0,C1,4.409815788269043
1,C0,3.4355406761169434
1,C1,3.172518253326416
2,C0,2.8341047763824463
2,C1,2.6733317375183105
3,C0,2.4565885066986084
3,C1,2.242234945297241
4,C0,2.3475992679595947
4,C1,2.1710169315338135
