epoch,avg_perplexity
0,27.166459833454468
1,27.010451369392612
2,26.791955461935647
3,26.906090574580357
4,26.78498100153797
5,26.869825879262127
6,26.84523067612348
7,26.854500057805215
8,26.955556470730905
9,26.953660659286765
10,27.022296746145543
11,26.973274291403044
12,27.034727413756478
13,27.068123243568014
14,27.080316732807997
15,27.094970382551427
16,27.13065921886399
17,27.135912111332264
18,27.148433879858093
19,27.15748421011395
