epoch,avg_perplexity
0,15.230590535219095
1,17.896589716893388
2,27.197482878698
3,42.746809515703525
4,58.630398025002
5,70.57979459000808
6,80.05560246807889
7,91.1928638192956
8,99.39772240621875
9,107.3851730644221
10,120.63959884623249
11,138.22642331988914
12,144.56381370071756
13,165.1027256127605
14,184.16686967102098
15,203.24664128251115
16,219.35611950321712
17,232.21203759717338
18,237.2736134966941
19,238.0866760194449
