epoch,avg_perplexity
0,14.111819527116326
1,14.675520447650168
2,16.601326046027502
3,19.391797886279754
4,22.72394118370819
5,26.31975870467723
6,29.717164997484083
7,33.33151492500666
8,36.746825037320136
9,39.676097945501155
10,42.66292306392843
11,45.56752403328001
12,47.84667844239382
13,49.69783024467075
14,50.990614107231806
15,52.188099416632575
16,53.01886596887325
17,53.51213584161543
18,53.54183261350001
19,53.59595958244366
