epoch,canary_id,global_loss,suffix_loss
0,C_TEST_1,6.37914514541626,3.7478396892547607
0,C_TEST_2,6.387155532836914,5.399208068847656
