epoch,avg_perplexity
0,52.45059972245145
1,46.94133587474361
2,44.12326986769693
3,42.385209506765705
4,41.33376363884687
5,40.52031469719082
6,39.95232707352457
7,39.407105480806855
8,39.080259445099486
9,38.90796917934335
10,38.66728953318218
11,38.627576050164514
12,38.485477119487825
13,38.41016374409574
14,38.34694529993038
15,38.27284288059037
16,38.310474440986596
17,38.31014562095803
18,38.24276971925635
19,38.327330246785245
