epoch,avg_perplexity
0,14.36596914562467
1,16.41139283287571
2,24.56913836841056
3,41.70743924373779
4,63.85919515624063
