epoch,canary_id,global_loss,suffix_loss
0,C_TEST_1,4.779324054718018,2.9564857482910156
0,C_TEST_2,5.201081275939941,4.438601016998291
