epoch,avg_perplexity
0,27.51990873045213
1,30.61671864727089
2,45.62944823741729
3,67.55741886953669
4,84.08482532871474
5,105.33371825735998
6,123.55208257097667
7,134.1154761215806
8,143.61353293083002
9,158.3054003696953
10,166.11090034280102
11,176.74649470207856
12,178.38833334520717
13,188.08018380473615
14,205.74602365589587
15,224.88300128566243
16,232.0910441601518
17,243.21761215171998
18,247.6526757754063
19,248.1199257681686
