epoch,avg_perplexity
0,218.47644791027062
1,155.6715110631637
2,114.91098568705699
3,68.30974455219015
4,66.72009689596892
5,66.26916011014752
6,65.25413484402526
7,69.24981610233367
8,68.25605340599994
9,68.41010932175881
10,67.92083128230053
11,68.68833912844974
12,68.19964019436273
13,68.3260979668728
14,68.65903131130585
15,68.28251926498184
16,67.89117110692679
17,68.00434433559646
18,68.05157443855941
19,68.06913189307798
