epoch,canary_id,global_loss,suffix_loss,exact_match,split
0,le_ba70a2,8.982552528381348,9.657453536987305,0,train
0,le_710e1d,10.651801109313965,13.700511932373047,0,validation
0,he_c1939b,13.537334442138672,16.717735290527344,0,train
0,he_eb327d,11.758837699890137,16.440351486206055,0,validation
