epoch,avg_perplexity
0,27.78123651940081
1,30.38504910521031
2,47.057671886666995
3,73.58389260261644
4,79.29882447405618
5,102.54492535362989
6,129.7229199949223
7,138.036070288688
8,155.08560590010782
9,156.19958590320292
10,157.29786411214633
11,168.25371061566557
12,177.6615156008927
13,175.88473957987773
14,192.0867260228505
15,214.10601522244443
16,227.8157911333282
17,235.4308402098027
18,239.88376998668744
19,240.6169553388729
